January
Date
Jan 3, 2026 (Saturday) Full Moon
Jan 11 (Sunday) 
Jan 18 (Sunday)
Jan 26 (Monday 

February
Date
Feb 2, 2026 (Monday) Full Moon
Feb 10 (Tuesday) 
Feb 16 (Monday)
Feb 24 (Tuesday)

March
Date
Mar 3, 2026 (Tuesday) Magha Puja
Mar 11 (Wenesday)
Mar 18 (Wednesday)
Mar 26 (Thursday)

April
Date
Apr 2, 2026 (Thursday) Full Moon
Apr 10 (Friday)
Apr 16 (Thursday)
Apr 24 (Friday)

May
Date
May 1, 2026 (Friday) Full Moon
May 9 (Saturday)
May 16  (Saturday) Visākha Aṭṭhamī
May 24 (Sunday)
May 31  (Sunday) Visākha Pūjā

June
Date
Jun 8, 2026 (Monday)
Jun 14 (Sunday)
Jun 22 (Monday)
Jun 29 (Monday)  Full Moon

July
Date
Jul 7, 2026 (Tuesday)
Jul 14 (Tuesday)
Jul 22 (Wednesday)
Jul 29 (Wednesday) Āsāḷha Pūjā

August
Date
Aug 6, 2026 (Thursday)
Aug 13 (Thursday)
Aug 21 (Friday)
Aug 28 (Friday)  Full Moon

September
Date
Sep 5, 2026 (Saturday)
Sep 11 (Friday)
Sep 19 (Saturday)
Sep 26 (Saturday) Full Moon

October
Date
Oct 4, 2026 (Sunday)
Oct 11 (Sunday)
Oct 19 (Monday)
Oct 26 (Monday) Full Moon

November
Date
Nov 3, 2026 (Tuesday)
Nov 9 (Monday)
Nov 17 (Tuesday)
Nov 24 ( Tuesday) Ānāpānasati Day


December
Date
Dec 2, 2026 (Wednesday)
Dec 9 (Wednesday)
Dec 17 (Thursday)
Dec 24 (Thursday) Full Moon
